"id","prediction","outcome"
19,0.0151288666746217,0
79,0.165484039184931,0
43,0.0466484688349855,0
10,0.167932218129991,1
3,0.376005793819191,1
19,0.0542226227330148,0
14,0.210874299091817,1
20,0.00850919821696149,0
65,0.0134801164685229,0
52,0.338917231927788,0
